"source","avg_ratio","cum_ratio","CH4_kg_m3_year","CH4_A_kg_m3_year","CH4_g_pig_day","CH4_kg_m3_excreted","CO2_kg_m3_year","CO2_kg_m2_year","C_loss_resp","C_loss_urea"
"barn",0.177895948832618,0.17866271987247,18.2816959248077,42.4228891697356,5.4592333930351,2.83224582908845,230.595633995506,35.1522463726268,0.100452021963578,0.33518461574794
"storage",0.398754724569316,0.48984162085685,7.99312097484875,7.09196474433637,19.9746093501017,10.3628110297817,22.8408746964222,41.667505348564,0.0231691657301929,0.000603631023099027
