"kH_oxygen","E_surf","area","temp_C","kl.oxygen"
56.1084849161055,18.1143220995616,0.00708821842466197,10,1.3858371094366
45.717499713537,37.0552377491131,0.00708821842466197,20,3.47925111910878
